,InvoiceNo,StockCode,Description,Quantity,UnitPrice,Amount,InvoiceDate,Day,Month,Year,CustomerID,Country
0,536365,85123A,WHITE HANGING HEART T-LIGHT HOLDER,6,2.55,15.3,01-12-10,1,12,2010,17850.0,United Kingdom
1,536365,71053,WHITE METAL LANTERN,6,3.39,20.34,01-12-10,1,12,2010,17850.0,United Kingdom
2,536365,84406B,CREAM CUPID HEARTS COAT HANGER,8,2.75,22.0,01-12-10,1,12,2010,17850.0,United Kingdom
3,536365,84029G,KNITTED UNION FLAG HOT WATER BOTTLE,6,3.39,20.34,01-12-10,1,12,2010,17850.0,United Kingdom
4,536365,84029E,RED WOOLLY HOTTIE WHITE HEART.,6,3.39,20.34,01-12-10,1,12,2010,17850.0,United Kingdom
5,536365,22752,SET 7 BABUSHKA NESTING BOXES,2,7.65,15.3,01-12-10,1,12,2010,17850.0,United Kingdom
6,536365,21730,GLASS STAR FROSTED T-LIGHT HOLDER,6,4.25,25.5,01-12-10,1,12,2010,17850.0,United Kingdom
